Workbook

Sheet 10Be Calculations
A3: CONSTANTS
A4: Density of 9Be Carrier (g/mL): | D4: 1.012
A5: Atomic Mass of Be (g/mol): | D5: 9.012182
A6: Avogadro's Number (atoms/mol): | D6: 6.022e+23
D9: SAMPLE PREPARATION DATA | H9: CALCULATIONS TO DETERMINE CONCENTRATION | M9: CALCULATIONS TO DETERMINE UNCERTAINTY
A10: Sample Name | B10: UVM Batch Number | C10: Be Analysis Date | D10: Quartz Mass (g) | E10: Mass of 9Be Carrier Added (g) | F10: Concentration of 9Be Carrier Added (μg/mL) | G10: Calculate: 9Be Atoms Added | H10: From AMS: Uncorrected 10Be/9Be Ratio | I10: From "Blanks" Sheet: Background 10Be/9Be Ratio | J10: Calculate: Background-Corrected 10Be/9Be Ratio | K10: Calculate: 10Be Atoms | L10: Calculate: 10Be Atoms/g | M10: From AMS: Uncorrected 10Be/9Be Ratio Uncertainty | N10: From "Blanks" Sheet: Background 10Be/9Be Ratio Uncertainty | O10: Calculate: Background-Corrected 10Be/9Be Ratio Uncertainty | P10: Calculate: Uncertainty 10Be Atoms | Q10: Calculate: Uncertainty 10Be Atoms/g
A11: BE-002 | B11: 764 | C11: 45794 | D11: 21.9584 | E11: 0.832 | F11: 304 | G11: =(E11*$D$6*F11)/($D$5*10^6*$D$4) -> 1.6700412e+19 | H11: 3.7509194e-13 | I11: =Blanks!$E$4 -> 3.0553302e-15 | J11: =H11-I11 -> 3.7203661e-13 | K11: =J11*G11 -> 6213164.8 | L11: =K11/D11 -> 282951.62 | M11: 5.7063599e-15 | N11: =Blanks!$E$5 -> 5.3807984e-16 | O11: =SQRT(M11^2+N11^2) -> 5.7316728e-15 | P11: =O11*G11 -> 95721.299 | Q11: =P11/D11 -> 4359.211
A12: BV-018 | B12: 764 | C12: 45794 | D12: 21.6838 | E12: 0.8338 | F12: 304 | G12: =(E12*$D$6*F12)/($D$5*10^6*$D$4) -> 1.6736543e+19 | H12: 4.8185299e-14 | I12: =Blanks!$E$4 -> 3.0553302e-15 | J12: =H12-I12 -> 4.5129969e-14 | K12: =J12*G12 -> 755319.66 | L12: =K12/D12 -> 34833.362 | M12: 2.1594999e-15 | N12: =Blanks!$E$5 -> 5.3807984e-16 | O12: =SQRT(M12^2+N12^2) -> 2.2255268e-15 | P12: =O12*G12 -> 37247.625 | Q12: =P12/D12 -> 1717.7628
A13: IC-035 | B13: 764 | C13: 45794 | D13: 21.4375 | E13: 0.8373 | F13: 304 | G13: =(E13*$D$6*F13)/($D$5*10^6*$D$4) -> 1.6806797e+19 | H13: 2.1264305e-13 | I13: =Blanks!$E$4 -> 3.0553302e-15 | J13: =H13-I13 -> 2.0958772e-13 | K13: =J13*G13 -> 3522498.3 | L13: =K13/D13 -> 164314.79 | M13: 5.0024602e-15 | N13: =Blanks!$E$5 -> 5.3807984e-16 | O13: =SQRT(M13^2+N13^2) -> 5.0313157e-15 | P13: =O13*G13 -> 84560.303 | Q13: =P13/D13 -> 3944.5039
A14: IT-030 | B14: 764 | C14: 45794 | D14: 22.0945 | E14: 0.8353 | F14: 304 | G14: =(E14*$D$6*F14)/($D$5*10^6*$D$4) -> 1.6766652e+19 | H14: 2.3878801e-13 | I14: =Blanks!$E$4 -> 3.0553302e-15 | J14: =H14-I14 -> 2.3573268e-13 | K14: =J14*G14 -> 3952447.8 | L14: =K14/D14 -> 178888.31 | M14: 5.2168998e-15 | N14: =Blanks!$E$5 -> 5.3807984e-16 | O14: =SQRT(M14^2+N14^2) -> 5.2445757e-15 | P14: =O14*G14 -> 87933.975 | Q14: =P14/D14 -> 3979.9034
A15: RA-050 | B15: 764 | C15: 45794 | D15: 21.8586 | E15: 0.8352 | F15: 304 | G15: =(E15*$D$6*F15)/($D$5*10^6*$D$4) -> 1.6764645e+19 | H15: 4.5499105e-13 | I15: =Blanks!$E$4 -> 3.0553302e-15 | J15: =H15-I15 -> 4.5193572e-13 | K15: =J15*G15 -> 7576541.8 | L15: =K15/D15 -> 346616.06 | M15: 7.8239206e-15 | N15: =Blanks!$E$5 -> 5.3807984e-16 | O15: =SQRT(M15^2+N15^2) -> 7.8424016e-15 | P15: =O15*G15 -> 131475.08 | Q15: =P15/D15 -> 6014.7986
A16: RI-048 | B16: 764 | C16: 45794 | D16: 22.3599 | E16: 0.8351 | F16: 304 | G16: =(E16*$D$6*F16)/($D$5*10^6*$D$4) -> 1.6762637e+19 | H16: 2.04619e-13 | I16: =Blanks!$E$4 -> 3.0553302e-15 | J16: =H16-I16 -> 2.0156367e-13 | K16: =J16*G16 -> 3378738.7 | L16: =K16/D16 -> 151107.06 | M16: 4.6375593e-15 | N16: =Blanks!$E$5 -> 5.3807984e-16 | O16: =SQRT(M16^2+N16^2) -> 4.6686707e-15 | P16: =O16*G16 -> 78259.234 | Q16: =P16/D16 -> 3499.9814
A17: RV-054 | B17: 764 | C17: 45794 | D17: 21.3902 | E17: 0.8349 | F17: 304 | G17: =(E17*$D$6*F17)/($D$5*10^6*$D$4) -> 1.6758623e+19 | H17: 8.8248208e-13 | I17: =Blanks!$E$4 -> 3.0553302e-15 | J17: =H17-I17 -> 8.7942675e-13 | K17: =J17*G17 -> 14737981 | L17: =K17/D17 -> 689006.24 | M17: 1.1659601e-14 | N17: =Blanks!$E$5 -> 5.3807984e-16 | O17: =SQRT(M17^2+N17^2) -> 1.167201e-14 | P17: =O17*G17 -> 195606.82 | Q17: =P17/D17 -> 9144.6932
A18: SB-011 | B18: 764 | C18: 45794 | D18: 21.9652 | E18: 0.8374 | F18: 304 | G18: =(E18*$D$6*F18)/($D$5*10^6*$D$4) -> 1.6808804e+19 | H18: 4.9967205e-14 | I18: =Blanks!$E$4 -> 3.0553302e-15 | J18: =H18-I18 -> 4.6911875e-14 | K18: =J18*G18 -> 788532.53 | L18: =K18/D18 -> 35899.174 | M18: 2.1111903e-15 | N18: =Blanks!$E$5 -> 5.3807984e-16 | O18: =SQRT(M18^2+N18^2) -> 2.1786818e-15 | P18: =O18*G18 -> 36621.037 | Q18: =P18/D18 -> 1667.2298
A19: SB-013 | B19: 764 | C19: 45794 | D19: 18.1399 | E19: 0.8343 | F19: 304 | G19: =(E19*$D$6*F19)/($D$5*10^6*$D$4) -> 1.6746579e+19 | H19: 3.1641897e-13 | I19: =Blanks!$E$4 -> 3.0553302e-15 | J19: =H19-I19 -> 3.1336364e-13 | K19: =J19*G19 -> 5247769 | L19: =K19/D19 -> 289294.26 | M19: 6.1876405e-15 | N19: =Blanks!$E$5 -> 5.3807984e-16 | O19: =SQRT(M19^2+N19^2) -> 6.2109923e-15 | P19: =O19*G19 -> 104012.87 | Q19: =P19/D19 -> 5733.9277
A20: SB-017 | B20: 764 | C20: 45794 | D20: 20.9541 | E20: 0.8263 | F20: 304 | G20: =(E20*$D$6*F20)/($D$5*10^6*$D$4) -> 1.6585998e+19 | H20: 2.0013399e-14 | I20: =Blanks!$E$4 -> 3.0553302e-15 | J20: =H20-I20 -> 1.6958069e-14 | K20: =J20*G20 -> 281266.51 | L20: =K20/D20 -> 13422.982 | M20: 1.4659803e-15 | N20: =Blanks!$E$5 -> 5.3807984e-16 | O20: =SQRT(M20^2+N20^2) -> 1.5616107e-15 | P20: =O20*G20 -> 25900.873 | Q20: =P20/D20 -> 1236.0766
A21: AD-055 | B21: 765 | C21: 45794 | D21: 21.56 | E21: 0.8332 | F21: 304 | G21: =(E21*$D$6*F21)/($D$5*10^6*$D$4) -> 1.67245e+19 | H21: 2.4206598e-13 | I21: =Blanks!$E$4 -> 3.0553302e-15 | J21: =H21-I21 -> 2.3901064e-13 | K21: =J21*G21 -> 3997333.4 | L21: =K21/D21 -> 185405.07 | M21: 6.2199103e-15 | N21: =Blanks!$E$5 -> 5.3807984e-16 | O21: =SQRT(M21^2+N21^2) -> 6.2431414e-15 | P21: =O21*G21 -> 104413.42 | Q21: =P21/D21 -> 4842.9228
A22: IM-033 | B22: 765 | C22: 45794 | D22: 20.4622 | E22: 0.8311 | F22: 304 | G22: =(E22*$D$6*F22)/($D$5*10^6*$D$4) -> 1.6682347e+19 | H22: 3.3198704e-13 | I22: =Blanks!$E$4 -> 3.0553302e-15 | J22: =H22-I22 -> 3.2893171e-13 | K22: =J22*G22 -> 5487353 | L22: =K22/D22 -> 268170.23 | M22: 7.1036098e-15 | N22: =Blanks!$E$5 -> 5.3807984e-16 | O22: =SQRT(M22^2+N22^2) -> 7.1239597e-15 | P22: =O22*G22 -> 118844.37 | Q22: =P22/D22 -> 5807.9956
... A30: RI-047 | B30: 765 | C30: 45794 | D30: 21.5249 | E30: 0.8288 | F30: 304 | G30: =(E30*$D$6*F30)/($D$5*10^6*$D$4) -> 1.663618e+19 | H30: 1.02047e-13 | I30: =Blanks!$E$4 -> 3.0553302e-15 | J30: =H30-I30 -> 9.899167e-14 | K30: =J30*G30 -> 1646843.2 | L30: =K30/D30 -> 76508.752 | M30: 5.0374903e-15 | N30: =Blanks!$E$5 -> 5.3807984e-16 | O30: =SQRT(M30^2+N30^2) -> 5.0661463e-15 | P30: =O30*G30 -> 84281.323 | Q30: =P30/D30 -> 3915.5268

Sheet Journal-Style Table
A1: Sample Name | B1: Quartz Mass (g) | C1: Mass of 9Be Added (μg)* | D1: AMS Cathode Number | E1: Uncorrected 10Be/9Be Ratio** | F1: Uncorrected 10Be/9Be Ratio Uncertainty** | G1: Background-Corrected 10Be/9Be Ratio | H1: Background-Corrected 10Be/9Be Ratio Uncertainty | I1: 10Be Concentration (atoms g-1) | J1: 10Be Concentration Uncertainty (atoms g-1)
A2: BE-002 | B2: 21.9584 | C2: 249.92885 | D2: 173195 | E2: 3.7509194e-13 | F2: 5.7063599e-15 | G2: 3.7203661e-13 | H2: 5.7316728e-15 | I2: 282951.62 | J2: 4359.211
A3: BV-018 | B3: 21.6838 | C3: 250.46957 | D3: 173196 | E3: 4.8185299e-14 | F3: 2.1594999e-15 | G3: 4.5129969e-14 | H3: 2.2255268e-15 | I3: 34833.362 | J3: 1717.7628
A4: IC-035 | B4: 21.4375 | C4: 251.52095 | D4: 173197 | E4: 2.1264305e-13 | F4: 5.0024602e-15 | G4: 2.0958772e-13 | H4: 5.0313157e-15 | I4: 164314.79 | J4: 3944.5039
A5: IT-030 | B5: 22.0945 | C5: 250.92016 | D5: 173199 | E5: 2.3878801e-13 | F5: 5.2168998e-15 | G5: 2.3573268e-13 | H5: 5.2445757e-15 | I5: 178888.31 | J5: 3979.9034
A6: RA-050 | B6: 21.8586 | C6: 250.89012 | D6: 173200 | E6: 4.5499105e-13 | F6: 7.8239206e-15 | G6: 4.5193572e-13 | H6: 7.8424016e-15 | I6: 346616.06 | J6: 6014.7986
A7: RI-048 | B7: 22.3599 | C7: 250.86008 | D7: 173201 | E7: 2.04619e-13 | F7: 4.6375593e-15 | G7: 2.0156367e-13 | H7: 4.6686707e-15 | I7: 151107.06 | J7: 3499.9814
A8: RU-054 | B8: 21.3902 | C8: 250.8 | D8: 173202 | E8: 8.8248208e-13 | F8: 1.1659601e-14 | G8: 8.7942675e-13 | H8: 1.167201e-14 | I8: 689006.24 | J8: 9144.6932
A9: SB-011 | B9: 21.9652 | C9: 251.55099 | D9: 173203 | E9: 4.9967205e-14 | F9: 2.1111903e-15 | G9: 4.6911875e-14 | H9: 2.1786818e-15 | I9: 35899.174 | J9: 1667.2298
A10: SB-013 | B10: 18.1399 | C10: 250.61976 | D10: 173205 | E10: 3.1641897e-13 | F10: 6.1876405e-15 | G10: 3.1336364e-13 | H10: 6.2109923e-15 | I10: 289294.26 | J10: 5733.9277
A11: SB-017 | B11: 20.9541 | C11: 248.2166 | D11: 173206 | E11: 2.0013399e-14 | F11: 1.4659803e-15 | G11: 1.6958069e-14 | H11: 1.5616107e-15 | I11: 13422.982 | J11: 1236.0766
A12: AD-055 | B12: 21.56 | C12: 250.28933 | D12: 173207 | E12: 2.4206598e-13 | F12: 6.2199103e-15 | G12: 2.3901064e-13 | H12: 6.2431414e-15 | I12: 185405.07 | J12: 4842.9228
A13: IM-033 | B13: 20.4622 | C13: 249.6585 | D13: 173208 | E13: 3.3198704e-13 | F13: 7.1036098e-15 | G13: 3.2893171e-13 | H13: 7.1239597e-15 | I13: 268170.23 | J13: 5807.9956
... A21: RI-047 | B21: 21.5249 | C21: 248.96759 | D21: 173218 | E21: 1.02047e-13 | F21: 5.0374903e-15 | G21: 9.899167e-14 | H21: 5.0661463e-15 | I21: 76508.752 | J21: 3915.5268
A22: *9Be was added through a carrier made at University of Vermont with a concentration of 304 μg mL-1.
A23: **Isotopic analysis was conducted at PRIME Laboratory; ratios were normalized against standard 07KNSTD3110 with an assumed ratio of 2850 x 10-15 (Nishiizumi et al., 2007).

Sheet Blanks
A1: Blank Name | B1: UVM Batch Number | C1: Cathode Number | D1: Be Analysis Date | E1: From AMS: 10Be/9Be Ratio | F1: From AMS: 10Be/9Be Ratio Uncertainty
A2: BLK | B2: 764 | C2: 173198 | D2: 45794 | E2: 2.6748503e-15 | F2: 6.5994792e-16
A3: BLK | B3: 765 | C3: 173211 | D3: 45794 | E3: 3.4358101e-15 | F3: 6.2762304e-16
D4: AVERAGE | E4: =AVERAGE(E2:E3) -> 3.0553302e-15
D5: STDEV | E5: =STDEV(E2:E3) -> 5.3807984e-16
A7: You had two blanks associated with these two batches of samples. I've used the average and STDEV of those two blanks to correct the sample ratios.
