Workbook

Sheet 26Al Calculations
A3: CONSTANTS
A4: Atomic Mass of Al (g/mol): | D4: 26.9815
A5: Avogadro's Number (atoms/mol): | D5: 6.022e+23
D8: SAMPLE PREPARATION DATA | G8: CALCULATIONS TO DETERMINE CONCENTRATION | L8: CALCULATIONS TO DETERMINE UNCERTAINTY
A9: Sample Name | B9: UVM Batch Number | C9: Al Analysis Date | D9: Quartz Mass (g) | E9: Total 27Al Quantified by ICP-OES (μg) | F9: Calculate: Total 27Al Atoms | G9: From AMS: Uncorrected 26Al/27Al Ratio | H9: From "Blanks" Sheet: Background 26Al/27Al Ratio | I9: Calculate: Background-Corrected 26Al/27Al Ratio | J9: Calculate: 26Al Atoms | K9: Calculate: 26Al Atoms/g | L9: From AMS: Uncorrected 26Al/27Al Ratio Uncertainty | M9: From "Blanks" Sheet: Background 26Al/27Al Ratio Uncertainty | N9: Calculate: Background-Corrected 26Al/27Al Ratio Uncertainty | O9: Calculate: Uncertainty 26Al Atoms | P9: Calculate: Uncertainty 26Al Atoms/g
A10: BE-002 | B10: 764 | C10: 45623 | D10: 21.9584 | E10: 1421.178 | F10: =(E10*$D$5)/($D$4*10^6) -> 3.1719267e+19 | G10: 1.17712e-12 | H10: =Blanks!$E$4 -> 8.2036253e-16 | I10: =G10-H10 -> 1.1762996e-12 | J10: =I10*F10 -> 37311363 | K10: =J10/D10 -> 1699184 | L10: 2.6752899e-14 | M10: =Blanks!$E$5 -> 2.0161236e-16 | N10: =SQRT(L10^2+M10^2) -> 2.6753659e-14 | O10: =N10*F10 -> 848606.46 | P10: =O10/D10 -> 38646.097 | Q10: =P10/K10 -> 0.022743915
A11: BV-018 | B11: 764 | C11: 45623 | D11: 21.6838 | E11: 1262.304 | F11: =(E11*$D$5)/($D$4*10^6) -> 2.8173359e+19 | G11: 1.5092503e-13 | H11: =Blanks!$E$4 -> 8.2036253e-16 | I11: =G11-H11 -> 1.5010466e-13 | J11: =I11*F11 -> 4228952.5 | K11: =J11/D11 -> 195028.2 | L11: 7.2204805e-15 | M11: =Blanks!$E$5 -> 2.0161236e-16 | N11: =SQRT(L11^2+M11^2) -> 7.2232947e-15 | O11: =N11*F11 -> 203504.47 | P11: =O11/D11 -> 9385.0927
A12: IC-035 | B12: 764 | C12: 45623 | D12: 21.4375 | E12: 1542.0079 | F12: =(E12*$D$5)/($D$4*10^6) -> 3.4416068e+19 | G12: 5.9775297e-13 | H12: =Blanks!$E$4 -> 8.2036253e-16 | I12: =G12-H12 -> 5.969326e-13 | J12: =I12*F12 -> 20544073 | K12: =J12/D12 -> 958324.12 | L12: 2.1969299e-14 | M12: =Blanks!$E$5 -> 2.0161236e-16 | N12: =SQRT(L12^2+M12^2) -> 2.1970224e-14 | O12: =N12*F12 -> 756128.74 | P12: =O12/D12 -> 35271.311 | Q12: =P12/K12 -> 0.036805201
A13: IT-030 | B13: 764 | C13: 45623 | D13: 22.0945 | E13: 1494.3162 | F13: =(E13*$D$5)/($D$4*10^6) -> 3.3351638e+19 | G13: 6.6125594e-13 | H13: =Blanks!$E$4 -> 8.2036253e-16 | I13: =G13-H13 -> 6.6043557e-13 | J13: =I13*F13 -> 22026608 | K13: =J13/D13 -> 996927.22 | L13: 2.2259501e-14 | M13: =Blanks!$E$5 -> 2.0161236e-16 | N13: =SQRT(L13^2+M13^2) -> 2.2260414e-14 | O13: =N13*F13 -> 742421.26 | P13: =O13/D13 -> 33602.085 | Q13: =P13/K13 -> 0.033705655
A14: RA-050 | B14: 764 | C14: 45623 | D14: 21.8586 | E14: 1469.4566 | F14: =(E14*$D$5)/($D$4*10^6) -> 3.2796796e+19 | G14: 1.3772199e-12 | H14: =Blanks!$E$4 -> 8.2036253e-16 | I14: =G14-H14 -> 1.3763996e-12 | J14: =I14*F14 -> 45141495 | K14: =J14/D14 -> 2065159.5 | L14: 3.0786001e-14 | M14: =Blanks!$E$5 -> 2.0161236e-16 | N14: =SQRT(L14^2+M14^2) -> 3.0786661e-14 | O14: =N14*F14 -> 1009703.8 | P14: =O14/D14 -> 46192.521 | Q14: =P14/K14 -> 0.022367532
A15: RI-048 | B15: 764 | C15: 45623 | D15: 22.3599 | E15: 1506.6893 | F15: =(E15*$D$5)/($D$4*10^6) -> 3.3627792e+19 | G15: 6.1797701e-13 | H15: =Blanks!$E$4 -> 8.2036253e-16 | I15: =G15-H15 -> 6.1715665e-13 | J15: =I15*F15 -> 20753615 | K15: =J15/D15 -> 928162.26 | L15: 1.6853898e-14 | M15: =Blanks!$E$5 -> 2.0161236e-16 | N15: =SQRT(L15^2+M15^2) -> 1.6855104e-14 | O15: =N15*F15 -> 566799.94 | P15: =O15/D15 -> 25348.948 | Q15: =P15/K15 -> 0.027310901
A16: RV-054 | B16: 764 | C16: 45623 | D16: 21.3902 | E16: 1468.8057 | F16: =(E16*$D$5)/($D$4*10^6) -> 3.2782269e+19 | G16: 2.5193003e-12 | H16: =Blanks!$E$4 -> 8.2036253e-16 | I16: =G16-H16 -> 2.5184799e-12 | J16: =I16*F16 -> 82561488 | K16: =J16/D16 -> 3859781 | L16: 5.1635311e-14 | M16: =Blanks!$E$5 -> 2.0161236e-16 | N16: =SQRT(L16^2+M16^2) -> 5.1635705e-14 | O16: =N16*F16 -> 1692735.6 | P16: =O16/D16 -> 79136.034 | Q16: =P16/K16 -> 0.020502726
A17: SB-011 | B17: 764 | C17: 45623 | D17: 21.9652 | E17: 1425.8937 | F17: =(E17*$D$5)/($D$4*10^6) -> 3.1824516e+19 | G17: 1.1171602e-13 | H17: =Blanks!$E$4 -> 8.2036253e-16 | I17: =G17-H17 -> 1.1089566e-13 | J17: =I17*F17 -> 3529200.7 | K17: =J17/D17 -> 160672.37 | L17: 5.529861e-15 | M17: =Blanks!$E$5 -> 2.0161236e-16 | N17: =SQRT(L17^2+M17^2) -> 5.5335351e-15 | O17: =N17*F17 -> 176102.08 | P17: =O17/D17 -> 8017.3218
A18: SB-013 | B18: 764 | C18: 45623 | D18: 18.1399 | E18: 1454.0977 | F18: =(E18*$D$5)/($D$4*10^6) -> 3.2454001e+19 | G18: 7.7199211e-13 | H18: =Blanks!$E$4 -> 8.2036253e-16 | I18: =G18-H18 -> 7.7117175e-13 | J18: =I18*F18 -> 25027608 | K18: =J18/D18 -> 1379699.4 | L18: 2.55833e-14 | M18: =Blanks!$E$5 -> 2.0161236e-16 | N18: =SQRT(L18^2+M18^2) -> 2.5584094e-14 | O18: =N18*F18 -> 830306.21 | P18: =O18/D18 -> 45772.37
A19: SB-017 | B19: 764 | C19: 45623 | D19: 20.9541 | E19: 1429.6083 | F19: =(E19*$D$5)/($D$4*10^6) -> 3.1907422e+19 | G19: 3.8311798e-14 | H19: =Blanks!$E$4 -> 8.2036253e-16 | I19: =G19-H19 -> 3.7491436e-14 | J19: =I19*F19 -> 1196255 | K19: =J19/D19 -> 57089.307 | L19: 3.2029193e-15 | M19: =Blanks!$E$5 -> 2.0161236e-16 | N19: =SQRT(L19^2+M19^2) -> 3.2092584e-15 | O19: =N19*F19 -> 102399.16 | P19: =O19/D19 -> 4886.8317
A20: AD-055 | B20: 765 | C20: 46156 | D20: 21.56 | E20: 1291.7241 | F20: =(E20*$D$5)/($D$4*10^6) -> 2.8829985e+19 | G20: 1.0489299e-12 | H20: =Blanks!$E$4 -> 8.2036253e-16 | I20: =G20-H20 -> 1.0481096e-12 | J20: =I20*F20 -> 30216983 | K20: =J20/D20 -> 1401529.8 | L20: 2.9996798e-14 | M20: =Blanks!$E$5 -> 2.0161236e-16 | N20: =SQRT(L20^2+M20^2) -> 2.9997475e-14 | O20: =N20*F20 -> 864826.75 | P20: =O20/D20 -> 40112.558 | Q20: =P20/K20 -> 0.028620552
A21: IM-033 | B21: 765 | C21: 46156 | D21: 20.4622 | E21: 1586.3979 | F21: =(E21*$D$5)/($D$4*10^6) -> 3.540681e+19 | G21: 1.0406799e-12 | H21: =Blanks!$E$4 -> 8.2036253e-16 | I21: =G21-H21 -> 1.0398596e-12 | J21: =I21*F21 -> 36818109 | K21: =J21/D21 -> 1799323.1 | L21: 3.9758797e-14 | M21: =Blanks!$E$5 -> 2.0161236e-16 | N21: =SQRT(L21^2+M21^2) -> 3.9759308e-14 | O21: =N21*F21 -> 1407750.2 | P21: =O21/D21 -> 68797.6 | Q21: =P21/K21 -> 0.038235267
A22: IP-038 | B22: 765 | C22: 46156 | D22: 21.5295 | E22: 1647.8864 | F22: =(E22*$D$5)/($D$4*10^6) -> 3.677917e+19 | G22: 7.6584794e-13 | H22: =Blanks!$E$4 -> 8.2036253e-16 | I22: =G22-H22 -> 7.6502757e-13 | J22: =I22*F22 -> 28137079 | K22: =J22/D22 -> 1306908.2 | L22: 2.4970602e-14 | M22: =Blanks!$E$5 -> 2.0161236e-16 | N22: =SQRT(L22^2+M22^2) -> 2.4971416e-14 | O22: =N22*F22 -> 918427.95 | P22: =O22/D22 -> 42659.047 | Q22: =P22/K22 -> 0.032641197
A23: PE-053 | B23: 765 | C23: 46156 | D23: 21.4834 | E23: 1599.8428 | F23: =(E23*$D$5)/($D$4*10^6) -> 3.5706886e+19 | G23: 1.07592e-12 | H23: =Blanks!$E$4 -> 8.2036253e-16 | I23: =G23-H23 -> 1.0750996e-12 | J23: =I23*F23 -> 38388461 | K23: =J23/D23 -> 1786889.4 | L23: 4.4855901e-14 | M23: =Blanks!$E$5 -> 2.0161236e-16 | N23: =SQRT(L23^2+M23^2) -> 4.4856354e-14 | O23: =N23*F23 -> 1601680.7 | P23: =O23/D23 -> 74554.341 | Q23: =P23/K23 -> 0.041722974
A24: PP-036 | B24: 765 | C24: 46156 | D24: 21.5296 | E24: 1559.8852 | F24: =(E24*$D$5)/($D$4*10^6) -> 3.4815072e+19 | G24: 3.92519e-13 | H24: =Blanks!$E$4 -> 8.2036253e-16 | I24: =G24-H24 -> 3.9169864e-13 | J24: =I24*F24 -> 13637016 | K24: =J24/D24 -> 633407.79 | L24: 2.0800298e-14 | M24: =Blanks!$E$5 -> 2.0161236e-16 | N24: =SQRT(L24^2+M24^2) -> 2.0801275e-14 | O24: =N24*F24 -> 724197.91 | P24: =O24/D24 -> 33637.314 | Q24: =P24/K24 -> 0.053105304
A25: RA-051 | B25: 765 | C25: 46156 | D25: 21.55 | E25: 1540.1005 | F25: =(E25*$D$5)/($D$4*10^6) -> 3.4373497e+19 | G25: 1.7384396e-12 | H25: =Blanks!$E$4 -> 8.2036253e-16 | I25: =G25-H25 -> 1.7376192e-12 | J25: =I25*F25 -> 59728048 | K25: =J25/D25 -> 2771603.2 | L25: 5.0146793e-14 | M25: =Blanks!$E$5 -> 2.0161236e-16 | N25: =SQRT(L25^2+M25^2) -> 5.0147198e-14 | O25: =N25*F25 -> 1723734.6 | P25: =O25/D25 -> 79987.683 | Q25: =P25/K25 -> 0.028859717
A26: RC-044 | B26: 765 | C26: 46156 | D26: 21.6503 | E26: 1560.3309 | F26: =(E26*$D$5)/($D$4*10^6) -> 3.4825019e+19 | G26: 1.9179298e-12 | H26: =Blanks!$E$4 -> 8.2036253e-16 | I26: =G26-H26 -> 1.9171095e-12 | J26: =I26*F26 -> 66763374 | K26: =J26/D26 -> 3083715.9 | L26: 3.5124906e-14 | M26: =Blanks!$E$5 -> 2.0161236e-16 | N26: =SQRT(L26^2+M26^2) -> 3.5125484e-14 | O26: =N26*F26 -> 1223245.7 | P26: =O26/D26 -> 56500.172 | Q26: =P26/K26 -> 0.018322107
A27: RC-045 | B27: 765 | C27: 46156 | D27: 21.6 | E27: 1483.1555 | F27: =(E27*$D$5)/($D$4*10^6) -> 3.3102543e+19 | G27: 1.8950197e-12 | H27: =Blanks!$E$4 -> 8.2036253e-16 | I27: =G27-H27 -> 1.8941994e-12 | J27: =I27*F27 -> 62702817 | K27: =J27/D27 -> 2902908.2 | L27: 3.5260101e-14 | M27: =Blanks!$E$5 -> 2.0161236e-16 | N27: =SQRT(L27^2+M27^2) -> 3.5260678e-14 | O27: =N27*F27 -> 1167218.1 | P27: =O27/D27 -> 54037.875 | Q27: =P27/K27 -> 0.018615082
A28: RI-046 | B28: 765 | C28: 46156 | D28: 21.5401 | E28: 1544.7477 | F28: =(E28*$D$5)/($D$4*10^6) -> 3.4477218e+19 | G28: 5.6766803e-13 | H28: =Blanks!$E$4 -> 8.2036253e-16 | I28: =G28-H28 -> 5.6684766e-13 | J28: =I28*F28 -> 19543330 | K28: =J28/D28 -> 907299.88 | L28: 2.0530397e-14 | M28: =Blanks!$E$5 -> 2.0161236e-16 | N28: =SQRT(L28^2+M28^2) -> 2.0531387e-14 | O28: =N28*F28 -> 707865.11 | P28: =O28/D28 -> 32862.666 | Q28: =P28/K28 -> 0.036220291
A29: RI-047 | B29: 765 | C29: 46156 | D29: 21.5249 | E29: 1493.3181 | F29: =(E29*$D$5)/($D$4*10^6) -> 3.3329361e+19 | G29: 3.22686e-13 | H29: =Blanks!$E$4 -> 8.2036253e-16 | I29: =G29-H29 -> 3.2186564e-13 | J29: =I29*F29 -> 10727576 | K29: =J29/D29 -> 498379.83 | L29: 1.3402602e-14 | M29: =Blanks!$E$5 -> 2.0161236e-16 | N29: =SQRT(L29^2+M29^2) -> 1.3404118e-14 | O29: =N29*F29 -> 446750.7 | P29: =O29/D29 -> 20755.065 | Q29: =P29/K29 -> 0.041645075
Q31: =AVERAGE(Q10:Q29) -> 0.031338969

Sheet Journal-Style Table
A1: Sample Name | B1: Quartz Mass (g) | C1: Total 27Al Quantified by ICP-OES (μg)* | D1: AMS Cathode Number | E1: Uncorrected 26Al/27Al Ratio** | F1: Uncorrected 26Al/27Al Ratio Uncertainty** | G1: Background-Corrected 26Al/27Al Ratio | H1: Background-Corrected 26Al/27Al Ratio Uncertainty | I1: 26Al Concentration (atoms g-1) | J1: 26Al Concentration Uncertainty (atoms g-1)
A2: BE-002 | B2: 21.9584 | C2: 1421.178 | D2: 173219 | E2: 1.17712e-12 | F2: 2.6752899e-14 | G2: 1.1762996e-12 | H2: 2.6753659e-14 | I2: 1699184 | J2: 38646.097
A3: BV-018 | B3: 21.6838 | C3: 1262.304 | D3: 173220 | E3: 1.5092503e-13 | F3: 7.2204805e-15 | G3: 1.5010466e-13 | H3: 7.2232947e-15 | I3: 195028.2 | J3: 9385.0927
A4: IC-035 | B4: 21.4375 | C4: 1542.0079 | D4: 173221 | E4: 5.9775297e-13 | F4: 2.1969299e-14 | G4: 5.969326e-13 | H4: 2.1970224e-14 | I4: 958324.12 | J4: 35271.311
A5: IT-030 | B5: 22.0945 | C5: 1494.3162 | D5: 173223 | E5: 6.6125594e-13 | F5: 2.2259501e-14 | G5: 6.6043557e-13 | H5: 2.2260414e-14 | I5: 996927.22 | J5: 33602.085
A6: RA-050 | B6: 21.8586 | C6: 1469.4566 | D6: 173224 | E6: 1.3772199e-12 | F6: 3.0786001e-14 | G6: 1.3763996e-12 | H6: 3.0786661e-14 | I6: 2065159.5 | J6: 46192.521
A7: RI-048 | B7: 22.3599 | C7: 1506.6893 | D7: 173225 | E7: 6.1797701e-13 | F7: 1.6853898e-14 | G7: 6.1715665e-13 | H7: 1.6855104e-14 | I7: 928162.26 | J7: 25348.948
A8: RV-054 | B8: 21.3902 | C8: 1468.8057 | D8: 173226 | E8: 2.5193003e-12 | F8: 5.1635311e-14 | G8: 2.5184799e-12 | H8: 5.1635705e-14 | I8: 3859781 | J8: 79136.034
A9: SB-011 | B9: 21.9652 | C9: 1425.8937 | D9: 173227 | E9: 1.1171602e-13 | F9: 5.529861e-15 | G9: 1.1089566e-13 | H9: 5.5335351e-15 | I9: 160672.37 | J9: 8017.3218
A10: SB-013 | B10: 18.1399 | C10: 1454.0977 | D10: 173229 | E10: 7.7199211e-13 | F10: 2.55833e-14 | G10: 7.7117175e-13 | H10: 2.5584094e-14 | I10: 1379699.4 | J10: 45772.37
A11: SB-017 | B11: 20.9541 | C11: 1429.6083 | D11: 173230 | E11: 3.8311798e-14 | F11: 3.2029193e-15 | G11: 3.7491436e-14 | H11: 3.2092584e-15 | I11: 57089.307 | J11: 4886.8317
A12: AD-055 | B12: 21.56 | C12: 1291.7241 | D12: 182460 | E12: 1.0489299e-12 | F12: 2.9996798e-14 | G12: 1.0481096e-12 | H12: 2.9997475e-14 | I12: 1401529.8 | J12: 40112.558
A13: IM-033 | B13: 20.4622 | C13: 1586.3979 | D13: 182461 | E13: 1.0406799e-12 | F13: 3.9758797e-14 | G13: 1.0398596e-12 | H13: 3.9759308e-14 | I13: 1799323.1 | J13: 68797.6
... A21: RI-047 | B21: 21.5249 | C21: 1493.3181 | D21: 182471 | E21: 3.22686e-13 | F21: 1.3402602e-14 | G21: 3.2186564e-13 | H21: 1.3404118e-14 | I21: 498379.83 | J21: 20755.065
A22: *27Al was added only to samples with insufficient total Al through commercial SPEX ICP standard with a concentration of 1000 μg mL-1. The total here reflects the sum of Al added through carrier and native Al in quartz.
A23: **Isotopic analysis was conducted at PRIME Laboratory; ratios were normalized against standard KNSTD with an assumed ratio of 1.818 x 10-12 (Nishiizumi et al., 2004).

Sheet Blanks
A1: Blank Name | B1: UVM Batch Number | C1: Cathode Number | D1: Al Analysis Date | E1: From AMS: 26Al/27Al Ratio | F1: From AMS: 26Al/27Al Ratio Uncertainty
A2: BLK | B2: 764 | C2: 173222 | D2: 45623 | E2: 6.7780106e-16 | F2: 5.3264898e-16
A3: BLK | B3: 765 | C3: 182464 | D3: 46156 | E3: 9.62924e-16 | F3: 7.5635712e-16
D4: AVERAGE | E4: =AVERAGE(E2:E3) -> 8.2036253e-16
D5: STDEV | E5: =STDEV(E2:E3) -> 2.0161236e-16
A7: You had two blanks associated with these two batches of sanmples. I've used the average and STDEV of the two blanks to correct the sample ratios. Even though we analyzed the batches at different times, they were prepared at the same time, prepared in the same hood, and analyzed at the same AMS, so an average blank is appropriate.
